Workbook
Name Bills: Patient_Data!$K$2:$K$41
Name Department: Patient_Data!$E$2:$E$41
Name Dept: Patient_Data!$E$2:$E$41
Name Gender: Patient_Data!$D$2:$D$41
Name Insurance: Patient_Data!$J$2:$J$41
Name Stay: Patient_Data!$M$2:$M$41

Sheet Patient_Data
A1: Patient_ID | B1: Patient_Name | C1: Age | D1: Gender | E1: Department | F1: Diagnosis | G1: Admission_Date | H1: Discharge_Date | I1: Doctor | J1: Insurance_Type | K1: Bill_Amount | L1: Payment_Status | M1: Length_of_Stay | N1: Payment Alert | O1: Bill Category | P1: Age Category | Q1: Billing Case | R1: Follow Up | S1: priority Department | T1: Payment Status | U1: Bill Status | V1: Risk | W1: Management Review
A2: P1001 | B2: Aarav Sharma | C2: 34 | D2: Male | E2: Cardiology | F2: Hypertension | G2: 46027 | H2: 46030 | I2: Dr Rao | J2: Private Insurance | K2: 18500 | L2: Paid | M2: 3 | N2: =IF(L1="Pending","Follow Up","No Action") -> No Action | O2: =IF(K2>40000,"High Bill","Normal Bill") -> Normal Bill | P2: =IF(OR(C2=60,C2>60),"Senoir Citizen","Non-Senior") -> Non-Senior | Q2: =IF(AND(K2>40000,M2>5),"high billing case","normal Case") -> normal Case | R2: =IF(AND(L2="Pending",K2>30000),"urgent","normal") -> normal | S2: =IF(OR(E2="Cardiology",E2="Neurology"),"Priority Department","Regular Department") -> Priority Department | T2: =IF(NOT(L2="Pending"),"payment completed","payment pending") -> payment completed | U2: {=_xlfn.IFS(K2>=50000,"Very High",K2>=30000,"High",K2>=15000,"Medium",K2<15000,"Low")} -> Medium | V2: =IF(AND(Patient_Data!L2="Pending",Patient_Data!K2>40000),"High Financial Risk","Normal Risk") -> Normal Risk | W2: =IF(AND(OR(E2="Cardiology",E2="Orthopetics"),K2>30000),"MR","No Review") -> No Review
A3: P1002 | B3: Diya Patel | C3: 52 | D3: Female | E3: Orthopedics | F3: Fracture | G3: 46029 | H3: 46037 | I3: Dr Mehta | J3: Government | K3: 42000 | L3: Paid | M3: 8 | N3: =IF(L2="Pending","Follow Up","No Action") -> No Action | O3: =IF(K3>40000,"High Bill","Normal Bill") -> High Bill | P3: =IF(OR(C3=60,C3>60),"Senoir Citizen","Non-Senior") -> Non-Senior | Q3: =IF(AND(K3>40000,M3>5),"high billing case","normal Case") -> high billing case | R3: =IF(AND(L3="Pending",K3>30000),"urgent","normal") -> normal | S3: =IF(OR(E3="Cardiology",E3="Neurology"),"Priority Department","Regular Department") -> Regular Department | T3: =IF(NOT(L3="Pending"),"payment completed","payment pending") -> payment completed | U3: {=_xlfn.IFS(K3>=50000,"Very High",K3>=30000,"High",K3>=15000,"Medium",K3<15000,"Low")} -> High | V3: =IF(AND(Patient_Data!L3="Pending",Patient_Data!K3>40000),"High Financial Risk","Normal Risk") -> Normal Risk | W3: =IF(AND(OR(E3="Cardiology",E3="Orthopetics"),K3>30000),"MR","No Review") -> No Review
A4: P1003 | B4: Rohan Kumar | C4: 28 | D4: Male | E4: General Medicine | F4: Diabetes | G4: 46032 | H4: 46035 | I4: Dr Singh | J4: Private Insurance | K4: 12000 | L4: Paid | M4: 3 | N4: =IF(L3="Pending","Follow Up","No Action") -> No Action | O4: =IF(K4>40000,"High Bill","Normal Bill") -> Normal Bill | P4: =IF(OR(C4=60,C4>60),"Senoir Citizen","Non-Senior") -> Non-Senior | Q4: =IF(AND(K4>40000,M4>5),"high billing case","normal Case") -> normal Case | R4: =IF(AND(L4="Pending",K4>30000),"urgent","normal") -> normal | S4: =IF(OR(E4="Cardiology",E4="Neurology"),"Priority Department","Regular Department") -> Regular Department | T4: =IF(NOT(L4="Pending"),"payment completed","payment pending") -> payment completed | U4: {=_xlfn.IFS(K4>=50000,"Very High",K4>=30000,"High",K4>=15000,"Medium",K4<15000,"Low")} -> Low | V4: =IF(AND(Patient_Data!L4="Pending",Patient_Data!K4>40000),"High Financial Risk","Normal Risk") -> Normal Risk | W4: =IF(AND(OR(E4="Cardiology",E4="Orthopetics"),K4>30000),"MR","No Review") -> No Review
A5: P1004 | B5: Ananya Reddy | C5: 45 | D5: Female | E5: Cardiology | F5: Chest Pain | G5: 46034 | H5: 46039 | I5: Dr Rao | J5: Self Pay | K5: 27500 | L5: Pending | M5: 5 | N5: =IF(L4="Pending","Follow Up","No Action") -> No Action | O5: =IF(K5>40000,"High Bill","Normal Bill") -> Normal Bill | P5: =IF(OR(C5=60,C5>60),"Senoir Citizen","Non-Senior") -> Non-Senior | Q5: =IF(AND(K5>40000,M5>5),"high billing case","normal Case") -> normal Case | R5: =IF(AND(L5="Pending",K5>30000),"urgent","normal") -> normal | S5: =IF(OR(E5="Cardiology",E5="Neurology"),"Priority Department","Regular Department") -> Priority Department | T5: =IF(NOT(L5="Pending"),"payment completed","payment pending") -> payment pending | U5: {=_xlfn.IFS(K5>=50000,"Very High",K5>=30000,"High",K5>=15000,"Medium",K5<15000,"Low")} -> Medium | V5: =IF(AND(Patient_Data!L5="Pending",Patient_Data!K5>40000),"High Financial Risk","Normal Risk") -> Normal Risk | W5: =IF(AND(OR(E5="Cardiology",E5="Orthopetics"),K5>30000),"MR","No Review") -> No Review
A6: P1005 | B6: Vikram Singh | C6: 67 | D6: Male | E6: Neurology | F6: Migraine | G6: 46037 | H6: 46040 | I6: Dr Khan | J6: Government | K6: 16000 | L6: Paid | M6: 3 | N6: =IF(L5="Pending","Follow Up","No Action") -> Follow Up | O6: =IF(K6>40000,"High Bill","Normal Bill") -> Normal Bill | P6: =IF(OR(C6=60,C6>60),"Senoir Citizen","Non-Senior") -> Senoir Citizen | Q6: =IF(AND(K6>40000,M6>5),"high billing case","normal Case") -> normal Case | R6: =IF(AND(L6="Pending",K6>30000),"urgent","normal") -> normal | S6: =IF(OR(E6="Cardiology",E6="Neurology"),"Priority Department","Regular Department") -> Priority Department | T6: =IF(NOT(L6="Pending"),"payment completed","payment pending") -> payment completed | U6: {=_xlfn.IFS(K6>=50000,"Very High",K6>=30000,"High",K6>=15000,"Medium",K6<15000,"Low")} -> Medium | V6: =IF(AND(Patient_Data!L6="Pending",Patient_Data!K6>40000),"High Financial Risk","Normal Risk") -> Normal Risk | W6: =IF(AND(OR(E6="Cardiology",E6="Orthopetics"),K6>30000),"MR","No Review") -> No Review
A7: P1006 | B7: Meera Nair | C7: 39 | D7: Female | E7: General Medicine | F7: Asthma | G7: 46040 | H7: 46042 | I7: Dr Singh | J7: Private Insurance | K7: 9500 | L7: Paid | M7: 2 | N7: =IF(L6="Pending","Follow Up","No Action") -> No Action | O7: =IF(K7>40000,"High Bill","Normal Bill") -> Normal Bill | P7: =IF(OR(C7=60,C7>60),"Senoir Citizen","Non-Senior") -> Non-Senior | Q7: =IF(AND(K7>40000,M7>5),"high billing case","normal Case") -> normal Case | R7: =IF(AND(L7="Pending",K7>30000),"urgent","normal") -> normal | S7: =IF(OR(E7="Cardiology",E7="Neurology"),"Priority Department","Regular Department") -> Regular Department | T7: =IF(NOT(L7="Pending"),"payment completed","payment pending") -> payment completed | U7: {=_xlfn.IFS(K7>=50000,"Very High",K7>=30000,"High",K7>=15000,"Medium",K7<15000,"Low")} -> Low | V7: =IF(AND(Patient_Data!L7="Pending",Patient_Data!K7>40000),"High Financial Risk","Normal Risk") -> Normal Risk | W7: =IF(AND(OR(E7="Cardiology",E7="Orthopetics"),K7>30000),"MR","No Review") -> No Review
A8: P1007 | B8: Arjun Verma | C8: 73 | D8: Male | E8: Cardiology | F8: Heart Disease | G8: 46042 | H8: 46051 | I8: Dr Rao | J8: Government | K8: 68000 | L8: Pending | M8: 9 | N8: =IF(L7="Pending","Follow Up","No Action") -> No Action | O8: =IF(K8>40000,"High Bill","Normal Bill") -> High Bill | P8: =IF(OR(C8=60,C8>60),"Senoir Citizen","Non-Senior") -> Senoir Citizen | Q8: =IF(AND(K8>40000,M8>5),"high billing case","normal Case") -> high billing case | R8: =IF(AND(L8="Pending",K8>30000),"urgent","normal") -> urgent | S8: =IF(OR(E8="Cardiology",E8="Neurology"),"Priority Department","Regular Department") -> Priority Department | T8: =IF(NOT(L8="Pending"),"payment completed","payment pending") -> payment pending | U8: {=_xlfn.IFS(K8>=50000,"Very High",K8>=30000,"High",K8>=15000,"Medium",K8<15000,"Low")} -> Very High | V8: =IF(AND(Patient_Data!L8="Pending",Patient_Data!K8>40000),"High Financial Risk","Normal Risk") -> High Financial Risk | W8: =IF(AND(OR(E8="Cardiology",E8="Orthopetics"),K8>30000),"MR","No Review") -> MR
A9: P1008 | B9: Sneha Iyer | C9: 31 | D9: Female | E9: Dermatology | F9: Skin Allergy | G9: 46044 | H9: 46046 | I9: Dr Thomas | J9: Self Pay | K9: 7500 | L9: Paid | M9: 2 | N9: =IF(L8="Pending","Follow Up","No Action") -> Follow Up | O9: =IF(K9>40000,"High Bill","Normal Bill") -> Normal Bill | P9: =IF(OR(C9=60,C9>60),"Senoir Citizen","Non-Senior") -> Non-Senior | Q9: =IF(AND(K9>40000,M9>5),"high billing case","normal Case") -> normal Case | R9: =IF(AND(L9="Pending",K9>30000),"urgent","normal") -> normal | S9: =IF(OR(E9="Cardiology",E9="Neurology"),"Priority Department","Regular Department") -> Regular Department | T9: =IF(NOT(L9="Pending"),"payment completed","payment pending") -> payment completed | U9: {=_xlfn.IFS(K9>=50000,"Very High",K9>=30000,"High",K9>=15000,"Medium",K9<15000,"Low")} -> Low | V9: =IF(AND(Patient_Data!L9="Pending",Patient_Data!K9>40000),"High Financial Risk","Normal Risk") -> Normal Risk | W9: =IF(AND(OR(E9="Cardiology",E9="Orthopetics"),K9>30000),"MR","No Review") -> No Review
A10: P1009 | B10: Karan Shah | C10: 56 | D10: Male | E10: Orthopedics | F10: Arthritis | G10: 46047 | H10: 46052 | I10: Dr Mehta | J10: Private Insurance | K10: 24000 | L10: Paid | M10: 5 | N10: =IF(L9="Pending","Follow Up","No Action") -> No Action | O10: =IF(K10>40000,"High Bill","Normal Bill") -> Normal Bill | P10: =IF(OR(C10=60,C10>60),"Senoir Citizen","Non-Senior") -> Non-Senior | Q10: =IF(AND(K10>40000,M10>5),"high billing case","normal Case") -> normal Case | R10: =IF(AND(L10="Pending",K10>30000),"urgent","normal") -> normal | S10: =IF(OR(E10="Cardiology",E10="Neurology"),"Priority Department","Regular Department") -> Regular Department | T10: =IF(NOT(L10="Pending"),"payment completed","payment pending") -> payment completed | U10: {=_xlfn.IFS(K10>=50000,"Very High",K10>=30000,"High",K10>=15000,"Medium",K10<15000,"Low")} -> Medium | V10: =IF(AND(Patient_Data!L10="Pending",Patient_Data!K10>40000),"High Financial Risk","Normal Risk") -> Normal Risk | W10: =IF(AND(OR(E10="Cardiology",E10="Orthopetics"),K10>30000),"MR","No Review") -> No Review
A11: P1010 | B11: Priya Das | C11: 24 | D11: Female | E11: General Medicine | F11: Fever | G11: 46050 | H11: 46052 | I11: Dr Singh | J11: Self Pay | K11: 6500 | L11: Paid | M11: 2 | N11: =IF(L10="Pending","Follow Up","No Action") -> No Action | O11: =IF(K11>40000,"High Bill","Normal Bill") -> Normal Bill | P11: =IF(OR(C11=60,C11>60),"Senoir Citizen","Non-Senior") -> Non-Senior | Q11: =IF(AND(K11>40000,M11>5),"high billing case","normal Case") -> normal Case | R11: =IF(AND(L11="Pending",K11>30000),"urgent","normal") -> normal | S11: =IF(OR(E11="Cardiology",E11="Neurology"),"Priority Department","Regular Department") -> Regular Department | T11: =IF(NOT(L11="Pending"),"payment completed","payment pending") -> payment completed | U11: {=_xlfn.IFS(K11>=50000,"Very High",K11>=30000,"High",K11>=15000,"Medium",K11<15000,"Low")} -> Low | V11: =IF(AND(Patient_Data!L11="Pending",Patient_Data!K11>40000),"High Financial Risk","Normal Risk") -> Normal Risk | W11: =IF(AND(OR(E11="Cardiology",E11="Orthopetics"),K11>30000),"MR","No Review") -> No Review
A12: P1011 | B12: Aditya Rao | C12: 61 | D12: Male | E12: Cardiology | F12: Hypertension | G12: 46055 | H12: 46059 | I12: Dr Rao | J12: Private Insurance | K12: 22000 | L12: Paid | M12: 4 | N12: =IF(L11="Pending","Follow Up","No Action") -> No Action | O12: =IF(K12>40000,"High Bill","Normal Bill") -> Normal Bill | P12: =IF(OR(C12=60,C12>60),"Senoir Citizen","Non-Senior") -> Senoir Citizen | Q12: =IF(AND(K12>40000,M12>5),"high billing case","normal Case") -> normal Case | R12: =IF(AND(L12="Pending",K12>30000),"urgent","normal") -> normal | S12: =IF(OR(E12="Cardiology",E12="Neurology"),"Priority Department","Regular Department") -> Priority Department | T12: =IF(NOT(L12="Pending"),"payment completed","payment pending") -> payment completed | U12: {=_xlfn.IFS(K12>=50000,"Very High",K12>=30000,"High",K12>=15000,"Medium",K12<15000,"Low")} -> Medium | V12: =IF(AND(Patient_Data!L12="Pending",Patient_Data!K12>40000),"High Financial Risk","Normal Risk") -> Normal Risk | W12: =IF(AND(OR(E12="Cardiology",E12="Orthopetics"),K12>30000),"MR","No Review") -> No Review
A13: P1012 | B13: Kavya Menon | C13: 48 | D13: Female | E13: Neurology | F13: Seizure Disorder | G13: 46057 | H13: 46064 | I13: Dr Khan | J13: Government | K13: 39000 | L13: Pending | M13: 7 | N13: =IF(L12="Pending","Follow Up","No Action") -> No Action | O13: =IF(K13>40000,"High Bill","Normal Bill") -> Normal Bill | P13: =IF(OR(C13=60,C13>60),"Senoir Citizen","Non-Senior") -> Non-Senior | Q13: =IF(AND(K13>40000,M13>5),"high billing case","normal Case") -> normal Case | R13: =IF(AND(L13="Pending",K13>30000),"urgent","normal") -> urgent | S13: =IF(OR(E13="Cardiology",E13="Neurology"),"Priority Department","Regular Department") -> Priority Department | T13: =IF(NOT(L13="Pending"),"payment completed","payment pending") -> payment pending | U13: {=_xlfn.IFS(K13>=50000,"Very High",K13>=30000,"High",K13>=15000,"Medium",K13<15000,"Low")} -> High | V13: =IF(AND(Patient_Data!L13="Pending",Patient_Data!K13>40000),"High Financial Risk","Normal Risk") -> Normal Risk | W13: =IF(AND(OR(E13="Cardiology",E13="Orthopetics"),K13>30000),"MR","No Review") -> No Review
... A41: P1040 | B41: Sonali Shah | C41: 50 | D41: Female | E41: Cardiology | F41: Heart Disease | G41: 46134 | H41: 46144 | I41: Dr Rao | J41: Private Insurance | K41: 69000 | L41: Paid | M41: 10 | N41: =IF(L40="Pending","Follow Up","No Action") -> Follow Up | O41: =IF(K41>40000,"High Bill","Normal Bill") -> High Bill | P41: =IF(OR(C41=60,C41>60),"Senoir Citizen","Non-Senior") -> Non-Senior | Q41: =IF(AND(K41>40000,M41>5),"high billing case","normal Case") -> high billing case | R41: =IF(AND(L41="Pending",K41>30000),"urgent","normal") -> normal | S41: =IF(OR(E41="Cardiology",E41="Neurology"),"Priority Department","Regular Department") -> Priority Department | T41: =IF(NOT(L41="Pending"),"payment completed","payment pending") -> payment completed | U41: {=_xlfn.IFS(K41>=50000,"Very High",K41>=30000,"High",K41>=15000,"Medium",K41<15000,"Low")} -> Very High | V41: =IF(AND(Patient_Data!L41="Pending",Patient_Data!K41>40000),"High Financial Risk","Normal Risk") -> Normal Risk | W41: =IF(AND(OR(E41="Cardiology",E41="Orthopetics"),K41>30000),"MR","No Review") -> MR
E47: Find total hospital billing. | H47: =SUM(K2:K41) -> 1019500
E48: Find total billing for Cardialogy department. | H48: =SUMIF(E2:E41,E2,K2:K41) -> 443500
E49: Count patients in Dermatology department. | H49: =COUNTIF(E2:E41,"Dermatology") -> 7
E50: Find average bill by Neurology department. | H50: =AVERAGEIF(E2:E41,"Neurology",K2:K41) -> 25571.429
E51: Find total billing for Government insurance. | H51: =SUMIF(J2:J41,"Government",K2:K41) -> 499500
E52: Count patients with Pending payments. | H52: =COUNTIF(L2:L41,"Pending") -> 10
E53: Find total Pending billing. | H53: =SUMIF(L2:L41,"Pending",K2:K41) -> 344500
E54: Find total billing for Cardiology + Government insurance. | H54: =SUMIFS(K2:K41,E2:E41,"Cardiology",J2:J41,"Government") -> 275500
E55: Count Cardiology patients with Pending payment. | H55: =COUNTIFS(E2:E41,"Cardiology",L2:L41,"Pending") -> 4
E56: Find average bill for patients with Private Insurance. | H56: =AVERAGEIF(J2:J41,"Private Insurance",K2:K41) -> 25766.667
E57: Count patients with bills above ₹40,000. | H57: =COUNTIF(K2:K41,">40000") -> 9
E58: Find total billing for patients with bills above ₹40,000. | H58: =SUMIF(K2:K41,">40000") -> 508000
E59: Count patients staying more than 5 days. | H59: =COUNTIF(M2:M41,">5") -> 11
E60: Find total billing for patients staying more than 5 days. | H60: =SUMIF(M2:M41,">5",K2:K41) -> 582000
E61: Find total billing for Cardiology patients staying more than 5 days. | H61: =SUMIFS(K2:K41,E2:E41,E16,M2:M41,">5") -> 320000
E62: Find average length of stay for Pending patients. | H62: =AVERAGEIF(L2:L41,L40,M2:M41) -> 5.8
E63: Find maximum bill among Cardiology patients. | H63: =_xlfn.MAXIFS(K2:K41,E2:E41,E21) -> 76000
E64: Find minimum bill among Orthopedics patients. | H64: =_xlfn.MINIFS(K2:K41,E2:E41,E34) -> 12500
E65: amount of Cardiology patients with Pending payments | H65: =SUMIFS(K2:K41,L2:L41,L40) -> 344500
E66: Average bill for Cardiology + Government Insurance | H66: =AVERAGEIFS(K2:K41,E2:E41,E12,J2:J41,J16) -> 55100
E67: Number of Cardiology patients with Pending payments | H67: =COUNTIFS(E2:E41,E12,L2:L41,L16) -> 4

Sheet Questions
A1: Question:
A2: Create a new column called Payment Alert.
A3: If Payment Status is Pending, display "Follow Up", otherwise display "No Action".
A5: Create a column called Bill Category.
A6: Bill > ₹40,000 → High Bill
A7: Otherwise → Normal Bill
A9: Create a column called Age Category.
A10: If Age is 60 or above:Senior Citizen
A11: Otherwise:Non-Senior
A13: A patient is a High Billing Case if:
A14: Bill Amount > ₹40,000
A15: AND
... A28: Payment Completed Otherwise:Payment Pending
A30: create a bill category | B30: Bill Amount | C30: Category
B31: ≥ ₹50,000 | C31: Very High
B32: ≥ ₹30,000 | C32: High
B33: ≥ ₹15,000 | C33: Medium
B34: < ₹15,000 | C34: Low
A37: If:
A38: Bill > ₹40,000
A39: AND Payment = Pending
A40: Output:High Financial Risk Otherwise:Normal
A42: A patient needs management review if:
A44: They are from Cardiology OR Orthopedics,
A45: AND their bill is greater than ₹30,000. then MR, NO Review

Sheet Answers
A1: # | B1: Analysis | C1: Function | D1: Answer
A2: 1 | B2: Total hospital billing | C2: SUM | D2: 1019500
A3: 2 | B3: Cardiology billing | C3: SUMIF | D3: 443500
A4: 2 | B4: Dermatology billing | C4: SUMIF | D4: 89500
A5: 2 | B5: General Medicine billing | C5: SUMIF | D5: 77500
A6: 2 | B6: Neurology billing | C6: SUMIF | D6: 179000
A7: 2 | B7: Orthopedics billing | C7: SUMIF | D7: 230000
A8: 3 | B8: Cardiology patients | C8: COUNTIF | D8: 10
A9: 3 | B9: Dermatology patients | C9: COUNTIF | D9: 7
A10: 3 | B10: General Medicine patients | C10: COUNTIF | D10: 8
A11: 3 | B11: Neurology patients | C11: COUNTIF | D11: 7
A12: 3 | B12: Orthopedics patients | C12: COUNTIF | D12: 8
A13: 4 | B13: Avg Cardiology bill | C13: AVERAGEIF | D13: 44350
... A28: 15 | B28: Cardiology + stay > 5 days | C28: SUMIFS | D28: 320000
A29: 16 | B29: Avg stay of Pending patients | C29: AVERAGEIF | D29: 5.8 days
A30: 17 | B30: Maximum Cardiology bill | C30: MAXIFS | D30: 76000
A31: 18 | B31: Minimum Orthopedics bill | C31: MINIFS | D31: 12500
